,1,2
2018-02-25 00:00:00,0.0,0.0
2018-02-25 00:05:00,0.0,0.0
2018-02-25 00:10:00,0.0,0.0
2018-02-25 00:15:00,0.0,0.0
2018-02-25 00:20:00,0.0,0.0
2018-02-25 00:25:00,0.0,0.0
2018-02-25 00:30:00,0.0,0.0
2018-02-25 00:35:00,0.0,0.0
2018-02-25 00:40:00,0.0,0.0
2018-02-25 00:45:00,0.0,0.0
2018-02-25 00:50:00,0.0,0.0
2018-02-25 00:55:00,0.0,0.0
2018-02-25 01:00:00,0.0,0.0
2018-02-25 01:05:00,2.6369890681508556e-05,0.0
2018-02-25 01:10:00,6.20660317540623e-05,2.965996784147674e-07
2018-02-25 01:15:00,0.00038857461995136876,3.1085474956710563e-06
2018-02-25 01:20:00,0.0010732756807616593,1.3370079154499323e-05
2018-02-25 01:25:00,0.002376287678255821,5.118874073352008e-05
2018-02-25 01:30:00,0.004082019161943211,0.00013980959429522923
2018-02-25 01:35:00,0.006488911182927106,0.0003276133319419502
2018-02-25 01:40:00,0.009122259202477244,0.0006325408452886825
2018-02-25 01:45:00,0.01205194904631203,0.0010716120831236857
2018-02-25 01:50:00,0.015804692013774033,0.0018310507668106873
2018-02-25 01:55:00,0.01942230649192199,0.002800824875314462
2018-02-25 02:00:00,0.023011691123333518,0.003939832031279603
2018-02-25 02:05:00,0.028449400684573054,0.005791493663823933
2018-02-25 02:10:00,0.036031756267935935,0.008670423346472302
2018-02-25 02:15:00,0.044219266310490786,0.012304447135838649
2018-02-25 02:20:00,0.05281066476035241,0.016702089952699683
2018-02-25 02:25:00,0.06235627558215978,0.022474561737661373
2018-02-25 02:30:00,0.07251446683708548,0.02961499407485254
2018-02-25 02:35:00,0.08187820614982656,0.03732267621247171
2018-02-25 02:40:00,0.09063501499811631,0.045470748461821676
2018-02-25 02:45:00,0.09958279018945103,0.05454003508219444
2018-02-25 02:50:00,0.10713804822760024,0.06288507139506888
2018-02-25 02:55:00,0.1142382664460531,0.07135421547409884
2018-02-25 03:00:00,0.12224160366302375,0.0809316150418665
2018-02-25 03:05:00,0.13205561126824011,0.09116634990764975
2018-02-25 03:10:00,0.14322098555342827,0.10216671267361328
2018-02-25 03:15:00,0.1545499391129566,0.11348323340398986
2018-02-25 03:20:00,0.16559776638579674,0.12508094495228328
2018-02-25 03:25:00,0.1770830221861216,0.14430299469383492
2018-02-25 03:30:00,0.1875350498872871,0.16031340701074506
2018-02-25 03:35:00,0.19670613555585217,0.16547089460970332
2018-02-25 03:40:00,0.2063138263547412,0.16978339137965415
2018-02-25 03:45:00,0.21504807303381743,0.17379035753814223
2018-02-25 03:50:00,0.22319134107649408,0.17796697134272038
2018-02-25 03:55:00,0.23072862893855517,0.18172878121025596
2018-02-25 04:00:00,0.2376613305675075,0.18568596526508757
2018-02-25 04:05:00,0.24354663633910148,0.18890417595338493
2018-02-25 04:10:00,0.24466229439145795,0.19239734148080107
2018-02-25 04:15:00,0.24480564883751438,0.19523402465975437
2018-02-25 04:20:00,0.24554061775764885,0.1983948554058437
2018-02-25 04:25:00,0.24509726401439294,0.2009387820121911
2018-02-25 04:30:00,0.24621912696176987,0.20378810404407313
2018-02-25 04:35:00,0.24589471234781107,0.2066103565764123
2018-02-25 04:40:00,0.24593419572278988,0.20872998293621
2018-02-25 04:45:00,0.24627642159971735,0.2113001995978808
2018-02-25 04:50:00,0.24593160933351305,0.21320709325423992
2018-02-25 04:55:00,0.2467093128723959,0.2155085770899658
2018-02-25 05:00:00,0.2463745759490285,0.21769843758920734
2018-02-25 05:05:00,0.24623453694437358,0.2194225695578782
2018-02-25 05:10:00,0.24630836234248651,0.22148308392689936
2018-02-25 05:15:00,0.24584978335245247,0.22293931689292426
2018-02-25 05:20:00,0.247115604944188,0.22496063763092802
2018-02-25 05:25:00,0.24610771547760596,0.22671951194220386
2018-02-25 05:30:00,0.24597213724996392,0.2280629648063132
2018-02-25 05:35:00,0.2466962091394605,0.22976723861975437
2018-02-25 05:40:00,0.24620354828458776,0.2314247193557693
2018-02-25 05:45:00,0.24588433600803064,0.23243466305024846
2018-02-25 05:50:00,0.24673171441812017,0.23411595239880176
2018-02-25 05:55:00,0.2461147392273447,0.23544409086689186
2018-02-25 06:00:00,0.24583714819777824,0.23642267097163064
2018-02-25 06:05:00,0.24565930781347753,0.23764065085682487
2018-02-25 06:10:00,0.24548074178349105,0.23857124731031248
2018-02-25 06:15:00,0.24523269507446244,0.2391935991576186
2018-02-25 06:20:00,0.24516070575660417,0.24007636079051506
2018-02-25 06:25:00,0.2450835048777896,0.2407836727525451
2018-02-25 06:30:00,0.2449250989155885,0.24126482510971065
2018-02-25 06:35:00,0.244900826532049,0.24197852053872534
2018-02-25 06:40:00,0.24487096111122328,0.24256381258314055
2018-02-25 06:45:00,0.24475762856531597,0.24296535558915505
2018-02-25 06:50:00,0.2447571431225642,0.24358231405917447
2018-02-25 06:55:00,0.24475133589270454,0.24409518340241182
2018-02-25 07:00:00,0.24460659886126068,0.24442304160351955
2018-02-25 07:05:00,0.24474906633763532,0.24489962454614952
2018-02-25 07:10:00,0.24435376061567013,0.24512277466166937
2018-02-25 07:15:00,0.24417096772632374,0.2452455614187484
2018-02-25 07:20:00,0.24429146090340365,0.2455252021791443
2018-02-25 07:25:00,0.24405423275670649,0.2456789829097318
2018-02-25 07:30:00,0.24395089523931215,0.24571744552278374
2018-02-25 07:35:00,0.24399563407810682,0.2458603965896867
2018-02-25 07:40:00,0.2438719496156986,0.2459415818262199
2018-02-25 07:45:00,0.24380721758695925,0.24595596080382337
2018-02-25 07:50:00,0.2438239654572901,0.2460194111394029
2018-02-25 07:55:00,0.2437381726542097,0.2460406058354741
2018-02-25 08:00:00,0.2436687945057163,0.24602429792240232
2018-02-25 08:05:00,0.24355106549302744,0.24593466021396138
2018-02-25 08:10:00,0.2434094901225563,0.24575154634013113
2018-02-25 08:15:00,0.2433283755325355,0.24557989590791776
2018-02-25 08:20:00,0.2430772887817413,0.2452892773917424
2018-02-25 08:25:00,0.24310545132295971,0.24498213278882605
2018-02-25 08:30:00,0.24309625527572426,0.244743820052521
2018-02-25 08:35:00,0.24269114158584543,0.24428010551710408
2018-02-25 08:40:00,0.24283454272497096,0.243843944923267
2018-02-25 08:45:00,0.24286051817174037,0.24352346348488488
2018-02-25 08:50:00,0.24231798849848465,0.2429011882053805
2018-02-25 08:55:00,0.24256274266114725,0.2423355984667069
2018-02-25 09:00:00,0.24261257577215703,0.24192056119580588
2018-02-25 09:05:00,0.2419066209710071,0.24112372191109657
2018-02-25 09:10:00,0.24223582298689497,0.24039565484580172
2018-02-25 09:15:00,0.24219545058532801,0.23980564287236283
2018-02-25 09:20:00,0.24137101760929952,0.23883141979145206
2018-02-25 09:25:00,0.24183420295308755,0.23793274908640605
2018-02-25 09:30:00,0.24178084874081782,0.23718076915184763
2018-02-25 09:35:00,0.2410091952332542,0.2360228988512602
2018-02-25 09:40:00,0.2411184264045394,0.23477084694988823
2018-02-25 09:45:00,0.2411972507552775,0.23395213148665983
2018-02-25 09:50:00,0.23997524483454669,0.2323672389916291
2018-02-25 09:55:00,0.24021782636523176,0.2309428561998393
2018-02-25 10:00:00,0.24007135978522626,0.22970401491421064
2018-02-25 10:05:00,0.23954315857041256,0.2278682635230699
2018-02-25 10:10:00,0.23976077129791235,0.22651659937451118
2018-02-25 10:15:00,0.23690153153671184,0.22425665438358022
2018-02-25 10:20:00,0.23719327799956944,0.2219412796545308
2018-02-25 10:25:00,0.23678847352536453,0.22022464532476577
2018-02-25 10:30:00,0.23442952724654983,0.21736736414188193
2018-02-25 10:35:00,0.1995524384623044,0.2141707171473744
2018-02-25 10:40:00,0.15246476567748976,0.21011084279098427
2018-02-25 10:45:00,0.1272992238200989,0.20698784958016614
2018-02-25 10:50:00,0.11434076875464112,0.20335874978399912
2018-02-25 10:55:00,0.10538978877371927,0.1991834946724126
2018-02-25 11:00:00,0.09946085495119658,0.19472282406685698
2018-02-25 11:05:00,0.0955701890336982,0.19077655644502511
2018-02-25 11:10:00,0.09249510517943837,0.1856532065676153
2018-02-25 11:15:00,0.08969175270079077,0.17985632017595496
2018-02-25 11:20:00,0.08749201462723012,0.17432814219644943
2018-02-25 11:25:00,0.08545819451113004,0.16808697793274477
2018-02-25 11:30:00,0.08337146533021736,0.16077739867560442
2018-02-25 11:35:00,0.08157438274919004,0.14112577994530423
2018-02-25 11:40:00,0.0797859298638659,0.12391780138585573
2018-02-25 11:45:00,0.07805016938254171,0.11449342860103451
2018-02-25 11:50:00,0.07653027450454813,0.10785289755925238
2018-02-25 11:55:00,0.07501966978400539,0.10212415546538424
2018-02-25 12:00:00,0.0735243024135075,0.0971383764785927
2018-02-25 12:05:00,0.07195416561811384,0.0924929089489593
2018-02-25 12:10:00,0.07036815116735286,0.08828487483901974
2018-02-25 12:15:00,0.06887867912065225,0.08475156258348522
2018-02-25 12:20:00,0.06740840204043758,0.08157881420450566
2018-02-25 12:25:00,0.0661051705687699,0.07897890885227894
2018-02-25 12:30:00,0.0648007313030333,0.07658634560144865
2018-02-25 12:35:00,0.06338306093436007,0.07413151116654024
2018-02-25 12:40:00,0.06198790696675029,0.07185947324417116
2018-02-25 12:45:00,0.06074905375739474,0.06994699453187607
2018-02-25 12:50:00,0.059508984325352246,0.06814159753242241
2018-02-25 12:55:00,0.05830701054049581,0.06643063270350551
2018-02-25 13:00:00,0.05709265665894754,0.06480021164784196
2018-02-25 13:05:00,0.05578056823114772,0.0630720777425067
2018-02-25 13:10:00,0.05461382247071178,0.06158281502936651
2018-02-25 13:15:00,0.053455032464338935,0.060147575380520256
2018-02-25 13:20:00,0.052315682229564,0.05876137680505268
2018-02-25 13:25:00,0.05131526434533609,0.05756521532828914
2018-02-25 13:30:00,0.050186464469522726,0.056255923349388316
2018-02-25 13:35:00,0.049095430992095915,0.05498329793057031
2018-02-25 13:40:00,0.04799221308291214,0.05374068944970487
2018-02-25 13:45:00,0.046923222199222514,0.052529487331975475
2018-02-25 13:50:00,0.045975402451907024,0.05147361520920353
2018-02-25 13:55:00,0.04491372573444308,0.05030970714368775
2018-02-25 14:00:00,0.04387924024251912,0.04916988855343052
2018-02-25 14:05:00,0.04296717670799551,0.04817403152148719
2018-02-25 14:10:00,0.04206000311961122,0.04719386439235462
2018-02-25 14:15:00,0.04116098003412466,0.046229208428457964
2018-02-25 14:20:00,0.04015678665095231,0.04516000659763306
2018-02-25 14:25:00,0.039180066511446114,0.044109527207059566
2018-02-25 14:30:00,0.03831751286733949,0.043188803008812095
2018-02-25 14:35:00,0.03745996050332486,0.042280340091195634
2018-02-25 14:40:00,0.036611058141385364,0.041383536765058904
2018-02-25 14:45:00,0.03577179292993273,0.040498516417800105
2018-02-25 14:50:00,0.03494115049219726,0.03962439161501798
2018-02-25 14:55:00,0.034119283966294475,0.03876100237273237
2018-02-25 15:00:00,0.033279347273511325,0.037886527495408065
2018-02-25 15:05:00,0.03248465751301607,0.03704544605827459
2018-02-25 15:10:00,0.03176043009829675,0.03629447533575457
2018-02-25 15:15:00,0.03097379391290862,0.03547097529426213
2018-02-25 15:20:00,0.03019188129273829,0.034656333390801215
2018-02-25 15:25:00,0.0294254363766993,0.033851909289714974
2018-02-25 15:30:00,0.028743625575847913,0.03313612566433765
2018-02-25 15:35:00,0.028054224887405978,0.032425921355000484
2018-02-25 15:40:00,0.027304587423748826,0.03164606020866884
2018-02-25 15:45:00,0.026566218690080558,0.03087517189372484
2018-02-25 15:50:00,0.02591047970185781,0.03018921044455935
2018-02-25 15:55:00,0.025250744750260668,0.029509222045726043
2018-02-25 16:00:00,0.02460916457097494,0.02883689685680438
2018-02-25 16:05:00,0.023963987202298025,0.02817085624606149
2018-02-25 16:10:00,0.02333621007621235,0.02751229398605477
2018-02-25 16:15:00,0.022701364576143048,0.02685917070222708
2018-02-25 16:20:00,0.0220859481411108,0.026213746328998533
2018-02-25 16:25:00,0.021462341262412546,0.02557353797127517
2018-02-25 16:30:00,0.02086000052428575,0.024941247999702307
2018-02-25 16:35:00,0.020252400047242092,0.024314742841393566
2018-02-25 16:40:00,0.019661615561884914,0.023695287991185806
2018-02-25 16:45:00,0.019135857200588382,0.02314956263373986
2018-02-25 16:50:00,0.018614733914725397,0.02260916809739085
2018-02-25 16:55:00,0.01803242702170227,0.022006734307316235
2018-02-25 17:00:00,0.017465616467009684,0.021411443351553774
2018-02-25 17:05:00,0.01695871558117839,0.020886676357116312
2018-02-25 17:10:00,0.01645711568179722,0.02036724278539563
2018-02-25 17:15:00,0.015963484976256194,0.019853071455461484
2018-02-25 17:20:00,0.015474853057733736,0.019343708967887868
2018-02-25 17:25:00,0.014991399188232819,0.018839553703123894
2018-02-25 17:30:00,0.014512188325307374,0.018340146383442398
2018-02-25 17:35:00,0.014038032615582877,0.017845710523174907
2018-02-25 17:40:00,0.013569007911302387,0.01735627204213461
2018-02-25 17:45:00,0.013105182052978915,0.016871858781050623
2018-02-25 17:50:00,0.012645799795737291,0.01639241411028616
2018-02-25 17:55:00,0.012191766940485339,0.01591784708281061
2018-02-25 18:00:00,0.011745724565443092,0.015448591023729462
2018-02-25 18:05:00,0.011302630142482981,0.014984176858251697
2018-02-25 18:10:00,0.010925526012327528,0.01458269251090775
2018-02-25 18:15:00,0.01053791209099566,0.014184026227328858
2018-02-25 18:20:00,0.010111697224530019,0.013733664471615493
2018-02-25 18:25:00,0.009714978387907155,0.013316161501359256
2018-02-25 18:30:00,0.00936386226113213,0.012944439760587838
2018-02-25 18:35:00,0.009013278153333078,0.012576279492916436
2018-02-25 18:40:00,0.008629834835740393,0.012171731118084105
2018-02-25 18:45:00,0.008293671272954757,0.011811932106856457
2018-02-25 18:50:00,0.007953807445167447,0.011455216856868736
2018-02-25 18:55:00,0.007584709147005394,0.011063784689788986
2018-02-25 19:00:00,0.00726227199068451,0.010716127377299295
2018-02-25 19:05:00,0.00693469391803085,0.010371453413134325
2018-02-25 19:10:00,0.0066225981069834555,0.01003206531903314
2018-02-25 19:15:00,0.00634268562977607,0.009733181294618035
2018-02-25 19:20:00,0.006031579123316706,0.009400619457700649
2018-02-25 19:25:00,0.005730647748694023,0.009072765593490914
2018-02-25 19:30:00,0.005463529298896984,0.008784618385552643
2018-02-25 19:35:00,0.005167457563717002,0.008464523844196483
2018-02-25 19:40:00,0.004879964782358121,0.008149110569647318
2018-02-25 19:45:00,0.004628196760753538,0.007872573123364972
2018-02-25 19:50:00,0.004382940301678399,0.007599992315195754
2018-02-25 19:55:00,0.004140076037011994,0.007330927327379608
2018-02-25 20:00:00,0.003902063735551525,0.007065638417677525
2018-02-25 20:05:00,0.0036692832098113018,0.00680434738183328
2018-02-25 20:10:00,0.003471386836065913,0.0065791011628379414
2018-02-25 20:15:00,0.003274873865615797,0.006357017689849538
2018-02-25 20:20:00,0.003056013572292354,0.006107133096140606
2018-02-25 20:25:00,0.0028441519559776656,0.0058619088645764875
2018-02-25 20:30:00,0.002668345840006872,0.005651487788083824
2018-02-25 20:35:00,0.002491061910965899,0.0054442660306780934
2018-02-25 20:40:00,0.0022978194327132927,0.005212416266778052
2018-02-25 20:45:00,0.002139065277073259,0.005014217050367952
2018-02-25 20:50:00,0.0020037205422540304,0.004847455289609811
2018-02-25 20:55:00,0.001851738975682602,0.004656970871802876
2018-02-25 21:00:00,0.0017087694746690453,0.004471172182356219
2018-02-25 21:05:00,0.0015724889349830078,0.004291198856444421
2018-02-25 21:10:00,0.0014482580865514628,0.004118680432128176
2018-02-25 21:15:00,0.0013474153299905276,0.003977031161377177
2018-02-25 21:20:00,0.0012401228791058738,0.003819566797437702
2018-02-25 21:25:00,0.001139084145327876,0.003670142999729391
2018-02-25 21:30:00,0.001056642887442806,0.0035486405896288514
2018-02-25 21:35:00,0.0009754802703006533,0.003415274695868771
2018-02-25 21:40:00,0.0009074149390394877,0.0032902705336138737
2018-02-25 21:45:00,0.0008581042849859813,0.0031892437370041465
2018-02-25 21:50:00,0.0008089924280006468,0.003078069991488977
2018-02-25 21:55:00,0.0007667720883123057,0.002973263371585636
2018-02-25 22:00:00,0.0007354511329344524,0.002888092925584359
2018-02-25 22:05:00,0.0007035551140970948,0.002793903347877526
2018-02-25 22:10:00,0.0006755382070406873,0.0027047054661635977
2018-02-25 22:15:00,0.0006543145910817776,0.002631915179710304
2018-02-25 22:20:00,0.0006322654696202196,0.002551107004261416
2018-02-25 22:25:00,0.0006125162155099052,0.00247430700459041
2018-02-25 22:30:00,0.0005972673780725758,0.002411423209716252
2018-02-25 22:35:00,0.0005811327140385552,0.0023413936794476216
2018-02-25 22:40:00,0.0005664203539263307,0.0022746404666979464
2018-02-25 22:45:00,0.0005548612330180387,0.0022198295631933396
2018-02-25 22:50:00,0.0005424257642887408,0.0021586285213688653
2018-02-25 22:55:00,0.0005309028895265269,0.002100143322742916
2018-02-25 23:00:00,0.0005217086364129988,0.0020520056080394334
2018-02-25 23:05:00,0.0005116719526215227,0.001998132424165206
2018-02-25 23:10:00,0.0005022415113752552,0.0019465364335847079
2018-02-25 23:15:00,0.0004946168744894734,0.001903979496545977
2018-02-25 23:20:00,0.00048619072436071025,0.001856255685389713
2018-02-25 23:25:00,0.0004781815794204243,0.0018104598287692686
2018-02-25 23:30:00,0.00047163578808109185,0.0017726160976287892
2018-02-25 23:35:00,0.00046432976933532557,0.0017301010151495476
2018-02-25 23:40:00,0.00045732112126850355,0.0016892319105614902
2018-02-25 23:45:00,0.0004515441405457358,0.0016554025069087876
2018-02-25 23:50:00,0.00044504622455940205,0.0016173352313023188
2018-02-25 23:55:00,0.0004387684372603795,0.0015806835645188703
2018-02-26 00:00:00,0.0004335602118231187,0.0015502987367117034
2018-02-26 00:05:00,0.00042766767517063057,0.0015160567151867197
2018-02-26 00:10:00,0.0004219443557230931,0.0014830401782458796
2018-02-26 00:15:00,0.00041717309314573967,0.0014556306553034444
2018-02-26 00:20:00,0.00041175144699502457,0.0014246986610596112
2018-02-26 00:25:00,0.00040646473006172515,0.0013948343483504398
2018-02-26 00:30:00,0.0004020417119921492,0.0013700103247978339
2018-02-26 00:35:00,0.0003969997386649044,0.0013419617567585725
2018-02-26 00:40:00,0.0003920690537343753,0.001314847529234339
2018-02-26 00:45:00,0.00038793313841778697,0.0012922822247863094
2018-02-26 00:50:00,0.00038320744769663464,0.0012667560289774974
2018-02-26 00:55:00,0.00037857631694939055,0.0012420518836747476
2018-02-26 01:00:00,0.0003746842592717155,0.0012214696326100377
2018-02-26 01:05:00,0.00037022960225282934,0.0011981614795029062
2018-02-26 01:10:00,0.0003658573257482567,0.0011755798783788878
2018-02-26 01:15:00,0.0003621776543036353,0.0011567466790807712
2018-02-26 01:20:00,0.00035796077198455847,0.0011353976653434847
2018-02-26 01:25:00,0.00035381712766996095,0.00111469350599236
2018-02-26 01:30:00,0.0003503262288345431,0.001097409512378452
2018-02-26 01:35:00,0.00034632190491871713,0.0010777981190563774
2018-02-26 01:40:00,0.00034238373640622027,0.0010587613158475452
2018-02-26 01:45:00,0.0003390633246833598,0.0010428549347544017
2018-02-26 01:50:00,0.000335251827470206,0.0010247906382207976
2018-02-26 01:55:00,0.00033150082549194366,0.0010072402028609222
2018-02-26 02:00:00,0.00032833629344233216,0.0009925633692809907
2018-02-26 02:05:00,0.00032470170182591297,0.0009758815122193336
2018-02-26 02:10:00,0.0003211229476769242,0.000959660788466361
2018-02-26 02:15:00,0.00031810227896346866,0.0009460851516349698
2018-02-26 02:20:00,0.0003146313760001673,0.0009306427919712372
2018-02-26 02:25:00,0.00031121237548733827,0.0009156155892074383
2018-02-26 02:30:00,0.0003083254213867978,0.0009030294104382348
2018-02-26 02:35:00,0.00030500695513588556,0.0008887019369304151
2018-02-26 02:40:00,0.0003017369907564939,0.000874749370548653
2018-02-26 02:45:00,0.00029897498305037957,0.0008630549824526923
2018-02-26 02:50:00,0.0002957991669016771,0.0008497333366991027
2018-02-26 02:55:00,0.0002926688580266599,0.0008367512291608837
2018-02-26 03:00:00,0.000290024076820373,0.0008258629413919297
2018-02-26 03:05:00,0.00028698224715484376,0.0008134513234830023
2018-02-26 03:10:00,0.00028398324723037736,0.0008013480536543959
2018-02-26 03:15:00,0.0002814487910862302,0.0007911904165823987
2018-02-26 03:20:00,0.0002785331691066192,0.0007796043793509967
2018-02-26 03:25:00,0.0002756579538161161,0.0007682990928863481
2018-02-26 03:30:00,0.0002732275779875326,0.0007588054501962382
2018-02-26 03:35:00,0.0002704311011137021,0.0007479703078602678
2018-02-26 03:40:00,0.00026767281745589886,0.0007373914203120171
2018-02-26 03:45:00,0.00026534081787696226,0.000728502696358145
2018-02-26 03:50:00,0.0002626570179803077,0.0007183521891310515
2018-02-26 03:55:00,0.00026000937451212054,0.0007084361278522517
2018-02-26 04:00:00,0.0002577705027983766,0.0007000998068996734
2018-02-26 04:05:00,0.0002551934163456553,0.000690574975217076
2018-02-26 04:10:00,0.0002526506015363429,0.000681265117198575
2018-02-26 04:15:00,0.0002505000012774764,0.0006734343803801338
2018-02-26 04:20:00,0.0002480241014091272,0.0006644826117333453
2018-02-26 04:25:00,0.00024558072144492205,0.0006557283830379376
2018-02-26 04:30:00,0.00024351387924064988,0.0006483613756283359
2018-02-26 04:35:00,0.00024113402316782237,0.0006399355942355535
2018-02-26 04:40:00,0.00023878505336673945,0.0006316917033974929
2018-02-26 04:45:00,0.00023679776028576803,0.0006247509102783293
2018-02-26 04:50:00,0.00023450914751826314,0.0006168088855484151
2018-02-26 04:55:00,0.00023224989344386245,0.0006090346685366316
2018-02-26 05:00:00,0.00023033821391527014,0.0006024863799045172
2018-02-26 05:05:00,0.0002281363522974259,0.0005949901341202913
2018-02-26 05:10:00,0.00022596241789415915,0.0005876489926372589
2018-02-26 05:15:00,0.00022412266402661442,0.0005814628453286144
2018-02-26 05:20:00,0.0002220033414989744,0.0005743781445889102
2018-02-26 05:25:00,0.00021991060241483742,0.0005674370628049877
2018-02-26 05:30:00,0.00021813931235037585,0.0005615856452530354
2018-02-26 05:35:00,0.00021609857299245965,0.0005548815606195674
2018-02-26 05:40:00,0.0002140831538049164,0.0005483106881868536
2018-02-26 05:45:00,0.00021237707314939654,0.000542769199308563
2018-02-26 05:50:00,0.00021041119650336355,0.0005364177276992204
2018-02-26 05:55:00,0.00020846945097817868,0.0005301900196189509
2018-02-26 06:00:00,0.00020682551659847328,0.0005249359748871012
2018-02-26 06:05:00,0.00020493099955743428,0.0005189116777960963
2018-02-26 06:10:00,0.00020305949322346165,0.0005130024690519324
2018-02-26 06:15:00,0.00020147481888924243,0.0005080153164141072
2018-02-26 06:20:00,0.00019964835960556025,0.0005022950064819538
2018-02-26 06:25:00,0.00019784385440222265,0.0004966820154597603
2018-02-26 06:30:00,0.0001963157181674856,0.0004919432521175265
2018-02-26 06:35:00,0.0001945542018294907,0.0004865059817043559
2018-02-26 06:40:00,0.00019281364217419198,0.0004811688714639964
2018-02-26 06:45:00,0.00019133947474881977,0.0004766615373497172
2018-02-26 06:50:00,0.00018963996046125837,0.00047148810204823623
2018-02-26 06:55:00,0.00018796046067409388,0.00046640827550212136
2018-02-26 07:00:00,0.00018653783503815044,0.00046211686913918336
2018-02-26 07:05:00,0.00018489754408421516,0.00045718970979860926
2018-02-26 07:10:00,0.00018327637697972542,0.00045235015405011296
2018-02-26 07:15:00,0.00018190299888627733,0.00044826048652459597
2018-02-26 07:20:00,0.00018031930397240415,0.0004435635216848894
2018-02-26 07:25:00,0.00017875389041022716,0.00043894864673157
2018-02-26 07:30:00,0.00017742758968847377,0.0004350477086581223
2018-02-26 07:35:00,0.00017589800507966045,0.0004305661856174623
2018-02-26 07:40:00,0.00017438590437907076,0.00042616168177794523
2018-02-26 07:45:00,0.00017310462693669005,0.0004224375257974637
2018-02-26 07:50:00,0.00017162679938263994,0.00041815788901136594
2018-02-26 07:55:00,0.00017016570048846192,0.00041395060086136685
2018-02-26 08:00:00,0.00016892750094726544,0.00041039223766869363
2018-02-26 08:05:00,0.00016749920131751324,0.0004063020122245445
2018-02-26 08:10:00,0.00016608691465293897,0.0004022798268899391
2018-02-26 08:15:00,0.00016488994954314053,0.00039887713303869324
2018-02-26 08:20:00,0.00016350906508452628,0.00039496482124952984
2018-02-26 08:25:00,0.00016214351500657746,0.0003911165692076206
2018-02-26 08:30:00,0.0001609860364665135,0.00038786020518723555
2018-02-26 08:35:00,0.00015965056364174672,0.00038411519464524993
2018-02-26 08:40:00,0.00015832978145604104,0.0003804305614634829
2018-02-26 08:45:00,0.0001572101313901853,0.0003773118987507619
2018-02-26 08:50:00,0.00015591816923117696,0.00037372438040571846
2018-02-26 08:55:00,0.00015464028670688303,0.0003701938280493827
2018-02-26 09:00:00,0.00015355689136501807,0.00036720488403710057
2018-02-26 09:05:00,0.00015230663529524884,0.0003637657790656475
2018-02-26 09:10:00,0.00015106987863972848,0.00036038047560681504
2018-02-26 09:15:00,0.00015002124357213647,0.0003575138554372084
2018-02-26 09:20:00,0.00014881097966688685,0.00035421474984343154
2018-02-26 09:25:00,0.00014761366391372903,0.0003509665065635186
2018-02-26 09:30:00,0.00014659836928248223,0.00034821535105449735
2018-02-26 09:35:00,0.0001454264689234927,0.0003450484370781723
2018-02-26 09:40:00,0.00014426699271845897,0.0003419296520882735
2018-02-26 09:45:00,0.00014328368892150038,0.0003392875910287531
2018-02-26 09:50:00,0.000142148603812489,0.00033624561457635415
2018-02-26 09:55:00,0.00014102544454254907,0.00033324922220662645
2018-02-26 10:00:00,0.00014007284814328454,0.00033071033241469094
2018-02-26 10:05:00,0.00013897310566515306,0.0003277865458270557
2018-02-26 10:10:00,0.0001378848149190941,0.0003249059711445704
2018-02-26 10:15:00,0.00013696170483685992,0.00032246473877045416
2018-02-26 10:20:00,0.00013589590371167892,0.00031965285837783075
2018-02-26 10:25:00,0.00013484110303696995,0.00031688197632887075
2018-02-26 10:30:00,0.00013394631700316525,0.0003145332630159229
2018-02-26 10:35:00,0.00013291312323955484,0.00031182743111683937
2018-02-26 10:40:00,0.00013189050018639348,0.00030916053006891975
2018-02-26 10:45:00,0.0001310229314175556,0.0003068995430200331
2018-02-26 10:50:00,0.00013002107452835717,0.0003042942949836117
2018-02-26 10:55:00,0.00012902937893837603,0.0003017260202453521
2018-02-26 11:00:00,0.00012818797299711372,0.0002995481819170037
2018-02-26 11:05:00,0.0001272162423783429,0.00029703823827009605
2018-02-26 11:10:00,0.0001262542828490663,0.00029456345349989705
2018-02-26 11:15:00,0.00012543803479988253,0.00029246459202401795
2018-02-26 11:20:00,0.00012449527660128243,0.0002900452783905872
2018-02-26 11:25:00,0.00012356191744920854,0.0002876594368471592
2018-02-26 11:30:00,0.00012276986914951915,0.00028563567373071495
2018-02-26 11:35:00,0.00012185498302718684,0.00028330253059745283
2018-02-26 11:40:00,0.00012094914106365671,0.0002810012682220009
2018-02-26 11:45:00,0.00012018037855479186,0.0002790489336855168
2018-02-26 11:50:00,0.00011929231478340307,0.0002767977694038188
2018-02-26 11:55:00,0.00011841295651482083,0.00027457699148924575
2018-02-26 12:00:00,0.00011766660765248904,0.0002726926433198069
2018-02-26 12:05:00,0.00011680436440060479,0.0002705195256014557
2018-02-26 12:10:00,0.00011595050336153717,0.0002683753897972604
2018-02-26 12:15:00,0.00011522573557694019,0.0002665557969970845
2018-02-26 12:20:00,0.00011438835634999239,0.0002644570337365235
2018-02-26 12:25:00,0.00011355905059146342,0.00026238593128684323
2018-02-26 12:30:00,0.00011285506878610195,0.0002606280583952548
2018-02-26 12:35:00,0.00011204164001868334,0.0002586001799086293
2018-02-26 12:40:00,0.00011123598975564767,0.0002565987184522641
2018-02-26 12:45:00,0.00011055203432480618,0.0002548997112106973
2018-02-26 12:50:00,0.00010976168312547408,0.0002529394540007919
2018-02-26 12:55:00,0.00010897882852490088,0.0002510044418499115
2018-02-26 13:00:00,0.00010831417350087393,0.0002493616140937853
2018-02-26 13:05:00,0.00010754606552861521,0.00024746590600161904
2018-02-26 13:10:00,0.00010678518462959972,0.00024559433775126345
2018-02-26 13:15:00,0.0001061391359374114,0.00024400515940984548
2018-02-26 13:20:00,0.00010539247340414983,0.00024217110601539724
2018-02-26 13:25:00,0.00010465278016461928,0.00024036014936326246
2018-02-26 13:30:00,0.00010402467397618437,0.000238822235461877
2018-02-26 13:35:00,0.00010329869377336086,0.00023704710761368993
2018-02-26 13:40:00,0.00010257943622772066,0.0002352940912692932
2018-02-26 13:45:00,0.00010196863742059272,0.00023380519183765534
2018-02-26 13:50:00,0.00010126260935011249,0.0002320864142082673
2018-02-26 13:55:00,0.00010056306787906994,0.0002303888167872789
2018-02-26 14:00:00,9.996896857803886e-05,0.00022894680758834768
2018-02-26 14:05:00,9.928219368955909e-05,0.00022728194815423917
2018-02-26 14:10:00,9.860167938951098e-05,0.00022563738797453967
2018-02-26 14:15:00,9.802369760043128e-05,0.0002242402619792368
2018-02-26 14:20:00,9.735550662079662e-05,0.00022262702234554193
2018-02-26 14:25:00,9.669335976603545e-05,0.0002210332480313761
2018-02-26 14:30:00,9.613093807862275e-05,0.00021967910756948424
2018-02-26 14:35:00,9.548068993959863e-05,0.00021811531405880173
2018-02-26 14:40:00,9.483627853210137e-05,0.0002165701958881834
2018-02-26 14:45:00,9.428888290757499e-05,0.00021525724541510244
2018-02-26 14:50:00,9.365596334722305e-05,0.0002137408408515282
2018-02-26 14:55:00,9.302868175508135e-05,0.00021224236277552454
2018-02-26 15:00:00,9.249580037400851e-05,0.00021096890220086736
2018-02-26 15:05:00,9.187962062608398e-05,0.00020949793832828072
2018-02-26 15:10:00,9.126888828902332e-05,0.0002080441906037771
2018-02-26 15:15:00,9.075003046876951e-05,0.00020680860912734446
2018-02-26 15:20:00,9.015002601919084e-05,0.00020538123960849714
2018-02-26 15:25:00,8.955528623158877e-05,0.00020397041199056966
2018-02-26 15:30:00,8.904998140225878e-05,0.0002027711824101405
2018-02-26 15:35:00,8.846561082042061e-05,0.00020138565634847904
2018-02-26 15:40:00,8.788632958569647e-05,0.00020001603179501878
2018-02-26 15:45:00,8.739412632515708e-05,0.000198851705233596
2018-02-26 15:50:00,8.682487015420877e-05,0.00019750636118357474
2018-02-26 15:55:00,8.626053509562283e-05,0.00019617631002521053
2018-02-26 16:00:00,8.578100021144123e-05,0.00019504551105325532
2018-02-26 16:05:00,8.52263599252359e-05,0.0001937387714672702
2018-02-26 16:10:00,8.467647926066604e-05,0.0001924467460072841
2018-02-26 16:15:00,8.420919693030287e-05,0.00019134816811900218
2018-02-26 16:20:00,8.366869394306391e-05,0.00019007853420034254
2018-02-26 16:25:00,8.313279551229573e-05,0.0001888230637044065
2018-02-26 16:30:00,8.267736646763821e-05,0.00018775546512154323
2018-02-26 16:35:00,8.21505411969762e-05,0.00018652151204911357
2018-02-26 16:40:00,8.162817154602776e-05,0.00018530119809508062
2018-02-26 16:45:00,8.118421229478267e-05,0.00018426339787007114
2018-02-26 16:50:00,8.067062327948755e-05,0.0001830637703611692
2018-02-26 16:55:00,8.016134678951337e-05,0.00018187728251924508
2018-02-26 17:00:00,7.972848889102983e-05,0.0001808681569155379
2018-02-26 17:05:00,7.922771195042238e-05,0.00017970156510120925
2018-02-26 17:10:00,7.873111001514617e-05,0.0001785476369166977
2018-02-26 17:15:00,7.830899938070345e-05,0.00017756611603859753
2018-02-26 17:20:00,7.782062682375616e-05,0.000176431331628626
2018-02-26 17:25:00,7.733629707061346e-05,0.00017530875688352363
2018-02-26 17:30:00,7.692459331398075e-05,0.00017435382154345287
2018-02-26 17:35:00,7.644823318449622e-05,0.0001732496742526671
2018-02-26 17:40:00,7.597578873572933e-05,0.00017215730348305275
2018-02-26 17:45:00,7.55741645457172e-05,0.00017122798228038402
2018-02-26 17:50:00,7.510943991221661e-05,0.0001701533564997996
2018-02-26 17:55:00,7.464850868518499e-05,0.00016909009375189809
2018-02-26 18:00:00,7.42566492387549e-05,0.00016818546034939603
2018-02-26 18:05:00,7.380319751780879e-05,0.00016713929204225771
2018-02-26 18:10:00,7.335342156115166e-05,0.00016610409184339902
2018-02-26 18:15:00,7.297102396509575e-05,0.00016522326242705064
2018-02-26 18:20:00,7.252849628011334e-05,0.00016420453623114254
2018-02-26 18:25:00,7.208953114396295e-05,0.00016319640076646223
2018-02-26 18:30:00,7.171630390482129e-05,0.00016233853167318596
2018-02-26 18:35:00,7.128436447926195e-05,0.00016134629328339915
2018-02-26 18:40:00,7.085587867576997e-05,0.00016036449572930128
2018-02-26 18:45:00,7.049154133426745e-05,0.00015952916479340312
2018-02-26 18:50:00,7.006986716274883e-05,0.00015856314384970143
2018-02-26 18:55:00,6.965154180992814e-05,0.00015760746596484734
2018-02-26 19:00:00,6.9295824389172e-05,0.0001567942893387797
2018-02-26 19:05:00,6.888410429997485e-05,0.00015585364568481062
2018-02-26 19:10:00,6.847563177993742e-05,0.00015492256789906387
2018-02-26 19:15:00,6.81282737658938e-05,0.00015413009367247084
2018-02-26 19:20:00,6.772620759132355e-05,0.00015321326261279856
2018-02-26 19:25:00,6.732729160303566e-05,0.00015230565831723944
2018-02-26 19:30:00,6.698804225776356e-05,0.000151533099775933
2018-02-26 19:35:00,6.659534110855259e-05,0.00015063923902235648
2018-02-26 19:40:00,6.620569631862023e-05,0.00014975430191702726
2018-02-26 19:45:00,6.587431407762563e-05,0.00014900098350028289
2018-02-26 19:50:00,6.549069957460788e-05,0.00014812931873932545
2018-02-26 19:55:00,6.511005099666738e-05,0.00014726628806267198
2018-02-26 20:00:00,6.478630302953289e-05,0.00014653156623036588
2018-02-26 20:05:00,6.441150683577981e-05,0.000145681357438388
2018-02-26 20:10:00,6.403958937958072e-05,0.0001448395051874849
2018-02-26 20:15:00,6.37232512179334e-05,0.00014412276377264084
2018-02-26 20:20:00,6.33570146141279e-05,0.00014329330220864462
2018-02-26 20:25:00,6.299357267079594e-05,0.0001424719310211648
2018-02-26 20:30:00,6.268442785850797e-05,0.00014177257969916567
2018-02-26 20:35:00,6.232650133707739e-05,0.00014096318625041374
2018-02-26 20:40:00,6.197128838063097e-05,0.00014016162781982857
2018-02-26 20:45:00,6.166912813249823e-05,0.0001394791007886449
2018-02-26 20:50:00,6.131927101406912e-05,0.00013868912446370166
2018-02-26 20:55:00,6.097204922024299e-05,0.0001379067380708714
2018-02-26 21:00:00,6.0676672109754035e-05,0.0001372404928115503
2018-02-26 21:05:00,6.0334652174567506e-05,0.00013646930932767454
2018-02-26 21:10:00,5.999519206193213e-05,0.00013570548045618774
2018-02-26 21:15:00,5.970640371120453e-05,0.00013505499657214375
2018-02-26 21:20:00,5.9371996851789114e-05,0.0001343020070233548
2018-02-26 21:25:00,5.904007693930306e-05,0.0001335561460597131
2018-02-26 21:30:00,5.875768973296122e-05,0.000132920924180335
2018-02-26 21:35:00,5.8430679621075835e-05,0.00013218555378615666
2018-02-26 21:40:00,5.8106086097990596e-05,0.00013145709479492598
2018-02-26 21:45:00,5.782991890477965e-05,0.00013083665554401412
2018-02-26 21:50:00,5.751009667313435e-05,0.00013011835247082895
2018-02-26 21:55:00,5.719262309000991e-05,0.00012940675203940806
2018-02-26 22:00:00,5.692250100066529e-05,0.00012880063506444403
2018-02-26 22:05:00,5.660966494264027e-05,0.00012809886931175032
2018-02-26 22:10:00,5.6299111911026606e-05,0.00012740360546364797
2018-02-26 22:15:00,5.603486598842704e-05,0.00012681136851954683
2018-02-26 22:20:00,5.572882126955423e-05,0.00012612563087313562
2018-02-26 22:25:00,5.542499617965381e-05,0.0001254462020414684
2018-02-26 22:30:00,5.516646321731455e-05,0.00012486742012599212
2018-02-26 22:35:00,5.486702159879636e-05,0.0001241972211679375
2018-02-26 22:40:00,5.4569738350057315e-05,0.00012353314522746945
2018-02-26 22:45:00,5.431676064559184e-05,0.00012296740976617878
2018-02-26 22:50:00,5.402374022332988e-05,0.00012231227894178153
2018-02-26 22:55:00,5.373281896553985e-05,0.00012166309229411983
2018-02-26 23:00:00,5.348524410056038e-05,0.00012111001036944343
2018-02-26 23:05:00,5.3198469055257486e-05,0.00012046949510560121
2018-02-26 23:10:00,5.291373594004897e-05,0.0001198347518161493
2018-02-26 23:15:00,5.267141657510875e-05,0.00011929394544014639
2018-02-26 23:20:00,5.239071693228282e-05,0.00011866761031118905
2018-02-26 23:25:00,5.211200387992987e-05,0.00011804688129273115
2018-02-26 23:30:00,5.187479755486876e-05,0.00011751798671892832
2018-02-26 23:35:00,5.160000895752526e-05,0.00011690541265951528
2018-02-26 23:40:00,5.1327153432684945e-05,0.00011629828490106391
2018-02-26 23:45:00,5.109492237461926e-05,0.00011578095197340773
2018-02-26 23:50:00,5.08258858646847e-05,0.0001151817355330491
2018-02-26 23:55:00,5.0558730660089364e-05,0.0001145878113682609
2018-02-27 00:00:00,5.0331341604676434e-05,0.0001140817029069352
2018-02-27 00:05:00,5.00679034148515e-05,0.0001134954555438139
2018-02-27 00:10:00,4.980629644568089e-05,0.00011291435196077145
2018-02-27 00:15:00,4.958362046472299e-05,0.00011241914317793756
2018-02-27 00:20:00,4.932563181953235e-05,0.00011184549059221809
2018-02-27 00:25:00,4.906942592999937e-05,0.00011127683857893325
2018-02-27 00:30:00,4.8851338262571616e-05,0.00011079221652739769
2018-02-27 00:35:00,4.8598655187948435e-05,0.00011023079802790672
2018-02-27 00:40:00,4.834770796233244e-05,0.0001096742419521382
2018-02-27 00:45:00,4.8134087858033244e-05,0.00010919990500153734
2018-02-27 00:50:00,4.788657099964898e-05,0.00010865037290732793
2018-02-27 00:55:00,4.764074458129379e-05,0.00010810556992787872
2018-02-27 01:00:00,4.743147515112571e-05,0.00010764122726987486
2018-02-27 01:05:00,4.718898959904607e-05,0.0001071032463396955
2018-02-27 01:10:00,4.694815052173909e-05,0.00010656986585011329
2018-02-27 01:15:00,4.674311858944043e-05,0.00010611523702758751
2018-02-27 01:20:00,4.650553371367053e-05,0.00010558848392284593
2018-02-27 01:25:00,4.626955273591472e-05,0.00010506620702238559
2018-02-27 01:30:00,4.606864870206494e-05,0.00010462102148273535
2018-02-27 01:35:00,4.583583799033272e-05,0.00010410518425373084
2018-02-27 01:40:00,4.560458993777945e-05,0.00010359370324479749
2018-02-27 01:45:00,4.540770764419445e-05,0.00010315769991698204
2018-02-27 01:50:00,4.5179548553573336e-05,0.00010265247751849665
2018-02-27 01:55:00,4.495291217005795e-05,0.00010215149543083475
2018-02-27 02:00:00,4.475994877641305e-05,0.000101724422322454
2018-02-27 02:05:00,4.4536322583069355e-05,0.00010122952415211935
2018-02-27 02:10:00,4.4314180386241225e-05,0.00010073875428921293
2018-02-27 02:15:00,4.4125036245191346e-05,0.00010032036810494343
2018-02-27 02:20:00,4.390582790582138e-05,9.983551356405601e-05
2018-02-27 02:25:00,4.368806604802115e-05,9.935467907365272e-05
2018-02-27 02:30:00,4.350264459152726e-05,9.894474485132201e-05
2018-02-27 02:35:00,4.328774261021288e-05,9.846966292833912e-05
2018-02-27 02:40:00,4.307425074671182e-05,9.799849639274838e-05
2018-02-27 02:45:00,4.2892458371593e-05,9.759678715806451e-05
2018-02-27 02:50:00,4.268175467052361e-05,9.713121603247693e-05
2018-02-27 02:55:00,4.24724258348391e-05,9.666945907973959e-05
2018-02-27 03:00:00,4.2294171797344246e-05,9.627575551825298e-05
2018-02-27 03:05:00,4.208756159388526e-05,9.581944218321357e-05
2018-02-27 03:10:00,4.188229207338559e-05,9.536684511687891e-05
2018-02-27 03:15:00,4.170748838687013e-05,9.49809352602117e-05
2018-02-27 03:20:00,4.150487007461202e-05,9.453363516350335e-05
2018-02-27 03:25:00,4.1303559296324194e-05,9.408995661017957e-05
2018-02-27 03:30:00,4.113212063125671e-05,9.371163553944651e-05
2018-02-27 03:35:00,4.09333956692831e-05,9.327311224187577e-05
2018-02-27 03:40:00,4.073594608686448e-05,9.283811881559378e-05
2018-02-27 03:45:00,4.056778967795625e-05,9.246718837739377e-05
2018-02-27 03:50:00,4.03728624799688e-05,9.20372132269828e-05
2018-02-27 03:55:00,4.017917946794753e-05,9.1610679210145e-05
2018-02-27 04:00:00,4.001422502270514e-05,9.124694774577987e-05
2018-02-27 04:05:00,3.982300285313768e-05,9.082529956824101e-05
2018-02-27 04:10:00,3.963299460300653e-05,9.040700660601618e-05
2018-02-27 04:15:00,3.947116421688378e-05,9.005028869524198e-05
2018-02-27 04:20:00,3.928355709124474e-05,8.963675349825655e-05
2018-02-27 04:25:00,3.9097134514255124e-05,8.922649030884565e-05
2018-02-27 04:30:00,3.893835258396103e-05,8.887660652391045e-05
2018-02-27 04:35:00,3.8754273174643356e-05,8.847097721461036e-05
2018-02-27 04:40:00,3.8571349805623806e-05,8.806853931218283e-05
2018-02-27 04:45:00,3.8415542951138094e-05,8.77253159839862e-05
2018-02-27 04:50:00,3.8234906492491e-05,8.732739210023962e-05
2018-02-27 04:55:00,3.8055398400088534e-05,8.693258153089709e-05
2018-02-27 05:00:00,3.790249538880114e-05,8.659585052491824e-05
2018-02-27 05:05:00,3.772521959080318e-05,8.620543797961704e-05
2018-02-27 05:10:00,3.754904528921802e-05,8.581806306922752e-05
2018-02-27 05:15:00,3.739897695951172e-05,8.548766157340553e-05
2018-02-27 05:20:00,3.7224981921318914e-05,8.510457240871972e-05
2018-02-27 05:25:00,3.705206228825329e-05,8.472444752151214e-05
2018-02-27 05:30:00,3.69047614813749e-05,8.44002178420868e-05
2018-02-27 05:35:00,3.673396961158899e-05,8.402426999595942e-05
2018-02-27 05:40:00,3.656422780579387e-05,8.365121530642098e-05
2018-02-27 05:45:00,3.641962929576428e-05,8.333300467354685e-05
2018-02-27 05:50:00,3.625196523273826e-05,8.296402175629891e-05
2018-02-27 05:55:00,3.608532661709403e-05,8.259786302783665e-05
2018-02-27 06:00:00,3.5943367046820656e-05,8.228552341010702e-05
2018-02-27 06:05:00,3.577875758255853e-05,8.192333449111011e-05
2018-02-27 06:10:00,3.561514965284755e-05,8.156390286696479e-05
2018-02-27 06:15:00,3.5475767469569e-05,8.125729079456573e-05
2018-02-27 06:20:00,3.531414147939079e-05,8.090173019792608e-05
2018-02-27 06:25:00,3.515349378721387e-05,8.05488620008828e-05
2018-02-27 06:30:00,3.501662918367166e-05,8.024783839508748e-05
2018-02-27 06:35:00,3.485791755489569e-05,7.98987455046126e-05
2018-02-27 06:40:00,3.470016164352838e-05,7.955228204511224e-05
2018-02-27 06:45:00,3.456575649848479e-05,7.9256712056015e-05
2018-02-27 06:50:00,3.440989206560383e-05,7.891393112970674e-05
2018-02-27 06:55:00,3.425496140118067e-05,7.857371852199777e-05
2018-02-27 07:00:00,3.4122959224904316e-05,7.828347137367461e-05
2018-02-27 07:05:00,3.3969876701881074e-05,7.794685136412811e-05
2018-02-27 07:10:00,3.3817706613136355e-05,7.761274035131078e-05
2018-02-27 07:15:00,3.368805249190249e-05,7.732768919313927e-05
2018-02-27 07:20:00,3.353768841270587e-05,7.699708357746866e-05
2018-02-27 07:25:00,3.3388216025725655e-05,7.666892936287688e-05
2018-02-27 07:30:00,3.326085657184751e-05,7.638895112812664e-05
2018-02-27 07:35:00,3.311314923180866e-05,7.606421774348533e-05
2018-02-27 07:40:00,3.2966313413970994e-05,7.574187983096783e-05
2018-02-27 07:45:00,3.284119671464864e-05,7.546685509938693e-05
2018-02-27 07:50:00,3.269608610922828e-05,7.514785598774704e-05
2018-02-27 07:55:00,3.2551827411624825e-05,7.483119802650408e-05
2018-02-27 08:00:00,3.242890298181606e-05,7.456101089503126e-05
2018-02-27 08:05:00,3.228633075500507e-05,7.424761215233506e-05
2018-02-27 08:10:00,3.214459135723525e-05,7.393650178999381e-05
2018-02-27 08:15:00,3.202381009382926e-05,7.367103974719969e-05
2018-02-27 08:20:00,3.188371948347549e-05,7.336311138054019e-05
2018-02-27 08:25:00,3.1744443143686046e-05,7.305742012144752e-05
2018-02-27 08:30:00,3.1625757279428926e-05,7.27965739283464e-05
2018-02-27 08:35:00,3.148809306647636e-05,7.249398971725407e-05
2018-02-27 08:40:00,3.1351225067742674e-05,7.219359278733774e-05
2018-02-27 08:45:00,3.123458813003881e-05,7.193725636254252e-05
2018-02-27 08:50:00,3.109929658781534e-05,7.163989372743744e-05
2018-02-27 08:55:00,3.096478369145844e-05,7.134466994440047e-05
2018-02-27 09:00:00,3.085015046028917e-05,7.10927402536274e-05
2018-02-27 09:05:00,3.07171793111191e-05,7.080048012981209e-05
2018-02-27 09:10:00,3.0584969708498745e-05,7.051031177792191e-05
2018-02-27 09:15:00,3.0472296177397473e-05,7.026268872937933e-05
2018-02-27 09:20:00,3.034159454090411e-05,6.997541544428742e-05
2018-02-27 09:25:00,3.021163780887203e-05,6.969018815562695e-05
2018-02-27 09:30:00,3.010088114731095e-05,6.944677449791158e-05
2018-02-27 09:35:00,2.9972399500184582e-05,6.916437565635004e-05
2018-02-27 09:40:00,2.984464655887393e-05,6.888397829514185e-05
2018-02-27 09:45:00,2.9735765071794948e-05,6.864467952102918e-05
2018-02-27 09:50:00,2.9609455205102826e-05,6.83670458914633e-05
2018-02-27 09:55:00,2.9483858272846225e-05,6.809137044526685e-05
2018-02-27 10:00:00,2.9376811369916225e-05,6.785609469715861e-05
2018-02-27 10:05:00,2.9252626347725842e-05,6.758312010636129e-05
2018-02-27 10:10:00,2.9129138903243655e-05,6.731206157909539e-05
2018-02-27 10:15:00,2.9023887062117452e-05,6.708071956124485e-05
2018-02-27 10:20:00,2.890178118044822e-05,6.681230078965372e-05
2018-02-27 10:25:00,2.8780357922406698e-05,6.654575710103332e-05
2018-02-27 10:30:00,2.8676862654621288e-05,6.631826199209528e-05
2018-02-27 10:35:00,2.855679140598077e-05,6.605429867544801e-05
2018-02-27 10:40:00,2.843738821611312e-05,6.579217056341303e-05
2018-02-27 10:45:00,2.8335612038095242e-05,6.556843793442621e-05
2018-02-27 10:50:00,2.821753207251424e-05,6.530883246886894e-05
2018-02-27 10:55:00,2.8100105979006897e-05,6.505102339553796e-05
2018-02-27 11:00:00,2.8000012378125258e-05,6.483097113029516e-05
2018-02-27 11:05:00,2.7883881469068327e-05,6.457562858087337e-05
2018-02-27 11:10:00,2.7768390611795414e-05,6.432204464261e-05
2018-02-27 11:15:00,2.766994401942464e-05,6.410559286208814e-05
2018-02-27 11:20:00,2.755572102915352e-05,6.385442087467868e-05
2018-02-27 11:25:00,2.7442124625402428e-05,6.36049707156793e-05
2018-02-27 11:30:00,2.7345290386775935e-05,6.339204170421925e-05
2018-02-27 11:35:00,2.7232935232278867e-05,6.314495042118696e-05
2018-02-27 11:40:00,2.7121193543826307e-05,6.289954515045801e-05
2018-02-27 11:45:00,2.7025937891321403e-05,6.269006328520668e-05
2018-02-27 11:50:00,2.691541151486011e-05,6.244696526409252e-05
2018-02-27 11:55:00,2.6805485817834758e-05,6.220551837530133e-05
2018-02-27 12:00:00,2.6711775842864067e-05,6.199941005827493e-05
2018-02-27 12:05:00,2.660304017969405e-05,6.176022019483282e-05
2018-02-27 12:10:00,2.649489273269532e-05,6.152264748916016e-05
2018-02-27 12:15:00,2.6402696361464405e-05,6.131984108234669e-05
2018-02-27 12:20:00,2.6295714308849363e-05,6.108447653317068e-05
2018-02-27 12:25:00,2.6189308324932195e-05,6.085069604563836e-05
2018-02-27 12:30:00,2.60985942925633e-05,6.0651121808208274e-05
2018-02-27 12:35:00,2.5993329684306998e-05,6.041950192026096e-05
2018-02-27 12:40:00,2.5888629300936736e-05,6.018943384839026e-05
2018-02-27 12:45:00,2.5799367129018123e-05,5.999302387623003e-05
2018-02-27 12:50:00,2.5695784704165972e-05,5.976507011673811e-05
2018-02-27 12:55:00,2.5592754958352908e-05,5.953863675126724e-05
2018-02-27 13:00:00,2.550491492844802e-05,5.934532491855891e-05
2018-02-27 13:05:00,2.540298030822769e-05,5.912096080782496e-05
2018-02-27 13:10:00,2.530158710707108e-05,5.889808646768583e-05
2018-02-27 13:15:00,2.5215140242252136e-05,5.8707808371302756e-05
2018-02-27 13:20:00,2.5114819900996906e-05,5.848695941804266e-05
2018-02-27 13:25:00,2.501502999873597e-05,5.826757038617369e-05
2018-02-27 13:30:00,2.4929948039290712e-05,5.808026329150813e-05
2018-02-27 13:35:00,2.483120928185293e-05,5.7862856931131634e-05
2018-02-27 13:40:00,2.4732990253032666e-05,5.7646881393413614e-05
2018-02-27 13:45:00,2.4649245636940554e-05,5.7462484182081764e-05
2018-02-27 13:50:00,2.4552056573080162e-05,5.7248449716640675e-05
2018-02-27 13:55:00,2.4455376790296116e-05,5.703581770242143e-05
2018-02-27 14:00:00,2.437294263157383e-05,5.6854270823305007e-05
2018-02-27 14:05:00,2.4277272152411296e-05,5.664353936350794e-05
2018-02-27 14:10:00,2.4182100763007482e-05,5.643418268940324e-05
2018-02-27 14:15:00,2.4100950833880245e-05,5.6255428109021767e-05
2018-02-27 14:20:00,2.4006768590803994e-05,5.6047932519205396e-05
2018-02-27 14:25:00,2.391307549452098e-05,5.584178473377594e-05
2018-02-27 14:30:00,2.383318420506967e-05,5.566576589057378e-05
2018-02-27 14:35:00,2.3740460586388005e-05,5.5461440734388766e-05
2018-02-27 14:40:00,2.3648216412316545e-05,5.5258437065448854e-05
2018-02-27 14:45:00,2.356955879301394e-05,5.5085098825177065e-05
2018-02-27 14:50:00,2.3478264904642758e-05,5.488388031414638e-05
2018-02-27 14:55:00,2.338744099250015e-05,5.468395761762551e-05
2018-02-27 15:00:00,2.3309992675594136e-05,5.4513246229491615e-05
2018-02-27 15:05:00,2.3220100319248945e-05,5.4315072173633576e-05
2018-02-27 15:10:00,2.313066869751146e-05,5.4118168884780366e-05
2018-02-27 15:15:00,2.3054405902804833e-05,5.395003193979062e-05
2018-02-27 15:20:00,2.296588755620634e-05,5.3754841699048385e-05
2018-02-27 15:25:00,2.2877820923802658e-05,5.3560897784858414e-05
2018-02-27 15:30:00,2.28027204372013e-05,5.339528417566579e-05
2018-02-27 15:35:00,2.2715549235569614e-05,5.320301861355252e-05
2018-02-27 15:40:00,2.2628820943516536e-05,5.30119755264017e-05
2018-02-27 15:45:00,2.255486010549524e-05,5.2848835409182566e-05
2018-02-27 15:50:00,2.2469009823054226e-05,5.26594368481343e-05
2018-02-27 15:55:00,2.2383593853398916e-05,5.2471237482717424e-05
2018-02-27 16:00:00,2.2310750541271343e-05,5.231052223865289e-05
2018-02-27 16:05:00,2.2226195573233288e-05,5.2123934416648335e-05
2018-02-27 16:10:00,2.2142066524819286e-05,5.193852306635362e-05
2018-02-27 16:15:00,2.207031913778732e-05,5.1780185266180105e-05
2018-02-27 16:20:00,2.198703448323656e-05,5.1596353295197126e-05
2018-02-27 16:25:00,2.1904167551786328e-05,5.141367561166321e-05
2018-02-27 16:30:00,2.1833494997913673e-05,5.125766898016903e-05
2018-02-27 16:35:00,2.1751456242441866e-05,5.107653930615909e-05
2018-02-27 16:40:00,2.166982720632073e-05,5.089654225894866e-05
2018-02-27 16:45:00,2.1600208886642616e-05,5.0742821641702785e-05
2018-02-27 16:50:00,2.1519392187204707e-05,5.05643420051297e-05
2018-02-27 16:55:00,2.1438977389114803e-05,5.038697384404997e-05
2018-02-27 17:00:00,2.13703931850278e-05,5.0235495174862664e-05
2018-02-27 17:05:00,2.1290775253243533e-05,5.005961457333966e-05
2018-02-27 17:10:00,2.1211551586414192e-05,4.9884824790906673e-05
2018-02-27 17:15:00,2.1143981847200014e-05,4.973554506004717e-05
2018-02-27 17:20:00,2.1065539934773143e-05,4.956221371228486e-05
2018-02-27 17:25:00,2.0987484827496747e-05,4.9389953007696065e-05
2018-02-27 17:30:00,2.0920910355027628e-05,4.924283023182355e-05
2018-02-27 17:35:00,2.0843622238518347e-05,4.907199954221285e-05
2018-02-27 17:40:00,2.0766713639395554e-05,4.8902219787462326e-05
2018-02-27 17:45:00,2.0701115678929455e-05,4.875721297963164e-05
2018-02-27 17:50:00,2.0624959645792587e-05,4.858883550512928e-05
2018-02-27 17:55:00,2.054917600953679e-05,4.842148971081179e-05
2018-02-27 18:00:00,2.048453623580285e-05,4.8278558853160195e-05
2018-02-27 18:05:00,2.0409491071070676e-05,4.811258826914492e-05
2018-02-27 18:10:00,2.0334811344252452e-05,4.794763055268144e-05
2018-02-27 18:15:00,2.0271111850277924e-05,4.780673656794019e-05
2018-02-27 18:20:00,2.0197156822105588e-05,4.764312763792433e-05
2018-02-27 18:25:00,2.012356043150337e-05,4.748051319214617e-05
2018-02-27 18:30:00,2.0060783717598123e-05,4.734161791743603e-05
2018-02-27 18:35:00,1.9987898564717693e-05,4.718032646165501e-05
2018-02-27 18:40:00,1.9915365403492337e-05,4.702001152433966e-05
2018-02-27 18:45:00,1.9853494366388878e-05,4.6883077686140925e-05
2018-02-27 18:50:00,1.9781659286444664e-05,4.672406055204597e-05
2018-02-27 18:55:00,1.9710169701198456e-05,4.656600237704711e-05
2018-02-27 19:00:00,1.9649187622559322e-05,4.643099356512422e-05
2018-02-27 19:05:00,1.95783832583071e-05,4.627420859906907e-05
2018-02-27 19:10:00,1.9507918038485483e-05,4.611836542773664e-05
2018-02-27 19:15:00,1.9447808575753176e-05,4.5985246072441626e-05
2018-02-27 19:20:00,1.9378016004652305e-05,4.5830652091789407e-05
2018-02-27 19:25:00,1.9308556369250152e-05,4.56769831256972e-05
2018-02-27 19:30:00,1.924930354577093e-05,4.554571847375971e-05
2018-02-27 19:35:00,1.918050426763961e-05,4.5393275239853855e-05
2018-02-27 19:40:00,1.9112031854524663e-05,4.524174061447421e-05
2018-02-27 19:45:00,1.9053620049579218e-05,4.5112296707265004e-05
2018-02-27 19:50:00,1.8985795975854702e-05,4.4961964899768625e-05
2018-02-27 19:55:00,1.891829283146654e-05,4.481252565892784e-05
2018-02-27 20:00:00,1.886070677031954e-05,4.468486930979691e-05
2018-02-27 20:05:00,1.8793840212889557e-05,4.453661050145229e-05
2018-02-27 20:10:00,1.8727288780846426e-05,4.43892285720178e-05
2018-02-27 20:15:00,1.8670513526235067e-05,4.426332734640271e-05
2018-02-27 20:20:00,1.8604587188180437e-05,4.411710397875142e-05
2018-02-27 20:25:00,1.8538970298738923e-05,4.397174214720376e-05
2018-02-27 20:30:00,1.8482991242398906e-05,4.3847564341109145e-05
2018-02-27 20:35:00,1.841798820650367e-05,4.370333970112065e-05
2018-02-27 20:40:00,1.8353289065960745e-05,4.3559961590039346e-05
2018-02-27 20:45:00,1.829809192148184e-05,4.3437476211042175e-05
2018-02-27 20:50:00,1.8233995640174533e-05,4.329521440790632e-05
2018-02-27 20:55:00,1.8170197824143345e-05,4.3153784453519346e-05
2018-02-27 21:00:00,1.81157686137686e-05,4.303296120116695e-05
2018-02-27 21:05:00,1.805256290185895e-05,4.289262714478846e-05
2018-02-27 21:10:00,1.798965034160427e-05,4.275311057495422e-05
2018-02-27 21:15:00,1.793597539380975e-05,4.2633919822879136e-05
2018-02-27 21:20:00,1.7873644416300842e-05,4.24954792018957e-05
2018-02-27 21:25:00,1.7811601392976338e-05,4.235784201549219e-05
2018-02-27 21:30:00,1.7758667332129448e-05,4.224025479270617e-05
2018-02-27 21:35:00,1.7697195597207813e-05,4.2103674054168465e-05
2018-02-27 21:40:00,1.7636006730389292e-05,4.1967883000181884e-05
2018-02-27 21:45:00,1.7583800469717414e-05,4.1851870974183736e-05
2018-02-27 21:50:00,1.7523172819202493e-05,4.171711730333373e-05
2018-02-27 21:55:00,1.7462823060441003e-05,4.1583139861334365e-05
2018-02-27 22:00:00,1.7411331794319717e-05,4.14686753210896e-05
2018-02-27 22:05:00,1.735153339563028e-05,4.1335716622007025e-05
2018-02-27 22:10:00,1.7292008018603085e-05,4.1203520982368274e-05
2018-02-27 22:15:00,1.724121921460742e-05,4.1090576822296885e-05
2018-02-27 22:20:00,1.718223555264198e-05,4.095938169892489e-05
2018-02-27 22:25:00,1.7123520146097992e-05,4.082893674501922e-05
2018-02-27 22:30:00,1.7073421539886738e-05,4.0717486448437375e-05
2018-02-27 22:35:00,1.701523840812596e-05,4.0588024186493084e-05
2018-02-27 22:40:00,1.6957318867253576e-05,4.04592994760572e-05
2018-02-27 22:45:00,1.6907898454878633e-05,4.034931710068884e-05
2018-02-27 22:50:00,1.6850501948476053e-05,4.022155764970141e-05
2018-02-27 22:55:00,1.6793364466755106e-05,4.0094523397583635e-05
2018-02-27 23:00:00,1.6744610498999804e-05,3.99859835601614e-05
2018-02-27 23:05:00,1.6687987006551306e-05,3.985989751624689e-05
2018-02-27 23:10:00,1.6631618068956557e-05,3.9734524577187884e-05
2018-02-27 23:15:00,1.6583519043447057e-05,3.9627402438922246e-05
2018-02-27 23:20:00,1.652765524159207e-05,3.9502961028872986e-05
2018-02-27 23:25:00,1.647204161801e-05,3.9379220881289926e-05
2018-02-27 23:30:00,1.6424586274255055e-05,3.927349213467908e-05
2018-02-27 23:35:00,1.6369469117527497e-05,3.915066719850655e-05
2018-02-27 23:40:00,1.6314597854839785e-05,3.902853192829014e-05
2018-02-27 23:45:00,1.626777516847087e-05,3.892417278257557e-05
2018-02-27 23:50:00,1.6213391884317073e-05,3.8802936759038244e-05
2018-02-27 23:55:00,1.6159250299242726e-05,3.86823790445044e-05
2018-02-28 00:00:00,1.6113049474771e-05,3.8579366212884525e-05
2018-02-28 00:05:00,1.605938755732856e-05,3.845969212358624e-05
2018-02-28 00:10:00,1.6005963231172223e-05,3.8340685219905355e-05
2018-02-28 00:15:00,1.5960373697513302e-05,3.823899590697946e-05
2018-02-28 00:20:00,1.5907420899887713e-05,3.812085734164461e-05
2018-02-28 00:25:00,1.585470167019107e-05,3.800337506668146e-05
2018-02-28 00:30:00,1.5809713075393255e-05,3.790298695568626e-05
2018-02-28 00:35:00,1.5757457403740797e-05,3.77863580584411e-05
2018-02-28 00:40:00,1.5705431359319157e-05,3.7670374777866215e-05
2018-02-28 00:45:00,1.5661033564710935e-05,3.757126601895723e-05
2018-02-28 00:50:00,1.5609463271597404e-05,3.7456121473665655e-05
2018-02-28 00:55:00,1.555811874705036e-05,3.734161208858413e-05
2018-02-28 01:00:00,1.5514301821322117e-05,3.72437612869072e-05
2018-02-28 01:05:00,1.5463405401088514e-05,3.713007630396908e-05
2018-02-28 01:10:00,1.541273096878716e-05,3.701701623618514e-05
2018-02-28 01:15:00,1.5369485185200018e-05,3.692040244076711e-05
2018-02-28 01:20:00,1.5319251366350705e-05,3.6808152744120185e-05
2018-02-28 01:25:00,1.526923583231312e-05,3.669651792395196e-05
2018-02-28 01:30:00,1.5226551661518266e-05,3.660112061636e-05
2018-02-28 01:35:00,1.5176969402403284e-05,3.64902824307121e-05
2018-02-28 01:40:00,1.512760179996852e-05,3.6380049284007045e-05
2018-02-28 01:45:00,1.5085469906585632e-05,3.6285848368245015e-05
2018-02-28 01:50:00,1.5036528389970792e-05,3.617639840654185e-05
2018-02-28 01:55:00,1.4987797975631826e-05,3.606754384304496e-05
2018-02-28 02:00:00,1.4946209212043205e-05,3.597451963430946e-05
2018-02-28 02:05:00,1.4897897839147328e-05,3.586643508602755e-05
2018-02-28 02:10:00,1.484979408469183e-05,3.5758936487037025e-05
2018-02-28 02:15:00,1.4808739489167395e-05,3.5667069702305846e-05
2018-02-28 02:20:00,1.4761047873782334e-05,3.556032822184969e-05
2018-02-28 02:25:00,1.4713560464171493e-05,3.545416342838412e-05
2018-02-28 02:30:00,1.467303125346744e-05,3.5363435176485965e-05
2018-02-28 02:35:00,1.4625949218752985e-05,3.525801487120952e-05
2018-02-28 02:40:00,1.4579068045158372e-05,3.5153162173865225e-05
2018-02-28 02:45:00,1.4539055613145639e-05,3.506355394599389e-05
2018-02-28 02:50:00,1.4492573184716473e-05,3.4959433365846825e-05
2018-02-28 02:55:00,1.4446288339480339e-05,3.4855871492890424e-05
2018-02-28 03:00:00,1.4406784251055384e-05,3.4767365153037725e-05
2018-02-28 03:05:00,1.4360891654047268e-05,3.4664523279781274e-05
2018-02-28 03:10:00,1.431519342704007e-05,3.456223138718121e-05
2018-02-28 03:15:00,1.4276189415140328e-05,3.4474809163387406e-05
2018-02-28 03:20:00,1.4230877068032495e-05,3.437322540008231e-05
2018-02-28 03:25:00,1.4185755942237166e-05,3.4272183060919864e-05
2018-02-28 03:30:00,1.4147243901960772e-05,3.418582753664789e-05
2018-02-28 03:35:00,1.4102502413597075e-05,3.4085481697437814e-05
2018-02-28 03:40:00,1.4057949058436924e-05,3.398566889210193e-05
2018-02-28 03:45:00,1.4019921046807754e-05,3.390036299748346e-05
2018-02-28 03:50:00,1.3975741209892375e-05,3.380123529809394e-05
2018-02-28 03:55:00,1.3931746479722837e-05,3.370263240455804e-05
2018-02-28 04:00:00,1.3894194708426348e-05,3.361835940845774e-05
2018-02-28 04:05:00,1.3850567496949079e-05,3.3520430456468265e-05
2018-02-28 04:10:00,1.3807122425333428e-05,3.3423018240529504e-05
2018-02-28 04:15:00,1.377003925958616e-05,3.333976174219148e-05
2018-02-28 04:20:00,1.3726955824250191e-05,3.324301252780176e-05
2018-02-28 04:25:00,1.3684051618554259e-05,3.314677213457565e-05
2018-02-28 04:30:00,1.3647429571709321e-05,3.3064516056080193e-05
2018-02-28 04:35:00,1.3604881235747948e-05,3.296892794276601e-05
2018-02-28 04:40:00,1.3562509276937751e-05,3.287384088724025e-05
2018-02-28 04:45:00,1.3526341007816452e-05,3.2792569465496325e-05
2018-02-28 04:50:00,1.348431926279926e-05,3.269812418208366e-05
2018-02-28 04:55:00,1.344247109673407e-05,3.260417234047137e-05
2018-02-28 05:00:00,1.3406749408064825e-05,3.2523870120492036e-05
2018-02-28 05:05:00,1.3365245909945591e-05,3.243054975160211e-05
2018-02-28 05:10:00,1.332391324758175e-05,3.2337715353057584e-05
2018-02-28 05:15:00,1.3288631079151627e-05,3.2258367180386704e-05
2018-02-28 05:20:00,1.3247637645122142e-05,3.216615415872508e-05
2018-02-28 05:25:00,1.3206812356324511e-05,3.207441977721082e-05
2018-02-28 05:30:00,1.3171962784701063e-05,3.1996010790686416e-05
2018-02-28 05:35:00,1.3131471389757459e-05,3.1904887888972704e-05
2018-02-28 05:40:00,1.3091145500248903e-05,3.1814236434904414e-05
2018-02-28 05:45:00,1.3056721734810283e-05,3.173675206049266e-05
2018-02-28 05:50:00,1.3016724506819263e-05,3.1646702383195715e-05
2018-02-28 05:55:00,1.2976890195865663e-05,3.155711709629616e-05
